country,city,address,phone_store,firstname_customer,lastname_customer,email_customer,film,film_description,release_year
Colombia,Buenaventura,"98 Stara Zagora Boulevard",610173756082,JACKIE,LYNCH,JACKIE.LYNCH@sakilacustomer.org,"JADE BUNCH","A Insightful Panorama of a Squirrel And a Mad Cow who must Confront a Student in The First Manned Space Station",2006
Colombia,Buenaventura,"98 Stara Zagora Boulevard",610173756082,JACKIE,LYNCH,JACKIE.LYNCH@sakilacustomer.org,"REUNION WITCHES","A Unbelieveable Documentary of a Database Administrator And a Frisbee who must Redeem a Mad Scientist in A Baloon Factory",2006
Colombia,Buenaventura,"98 Stara Zagora Boulevard",610173756082,JACKIE,LYNCH,JACKIE.LYNCH@sakilacustomer.org,"ZORRO ARK","A Intrepid Panorama of a Mad Scientist And a Boy who must Redeem a Boy in A Monastery",2006
Colombia,Buenaventura,"98 Stara Zagora Boulevard",610173756082,JACKIE,LYNCH,JACKIE.LYNCH@sakilacustomer.org,"SLUMS DUCK","A Amazing Character Study of a Teacher And a Database Administrator who must Defeat a Waitress in A Jet Boat",2006
Colombia,Buenaventura,"98 Stara Zagora Boulevard",610173756082,JACKIE,LYNCH,JACKIE.LYNCH@sakilacustomer.org,"WONKA SEA","A Brilliant Saga of a Boat And a Mad Scientist who must Meet a Moose in Ancient India",2006
Colombia,Buenaventura,"98 Stara Zagora Boulevard",610173756082,JACKIE,LYNCH,JACKIE.LYNCH@sakilacustomer.org,"YENTL IDAHO","A Amazing Display of a Robot And a Astronaut who must Fight a Womanizer in Berlin",2006
Colombia,Buenaventura,"98 Stara Zagora Boulevard",610173756082,JACKIE,LYNCH,JACKIE.LYNCH@sakilacustomer.org,"CAROL TEXAS","A Astounding Character Study of a Composer And a Student who must Overcome a Composer in A Monastery",2006
Colombia,Buenaventura,"98 Stara Zagora Boulevard",610173756082,JACKIE,LYNCH,JACKIE.LYNCH@sakilacustomer.org,"INSTINCT AIRPORT","A Touching Documentary of a Mad Cow And a Explorer who must Confront a Butler in A Manhattan Penthouse",2006
Colombia,Buenaventura,"98 Stara Zagora Boulevard",610173756082,JACKIE,LYNCH,JACKIE.LYNCH@sakilacustomer.org,"GOODFELLAS SALUTE","A Unbelieveable Tale of a Dog And a Explorer who must Sink a Mad Cow in A Baloon Factory",2006
Colombia,Buenaventura,"98 Stara Zagora Boulevard",610173756082,JACKIE,LYNCH,JACKIE.LYNCH@sakilacustomer.org,"TRACY CIDER","A Touching Reflection of a Database Administrator And a Madman who must Build a Lumberjack in Nigeria",2006
Colombia,Buenaventura,"98 Stara Zagora Boulevard",610173756082,JACKIE,LYNCH,JACKIE.LYNCH@sakilacustomer.org,"DRIFTER COMMANDMENTS","A Epic Reflection of a Womanizer And a Squirrel who must Discover a Husband in A Jet Boat",2006
Colombia,Buenaventura,"98 Stara Zagora Boulevard",610173756082,JACKIE,LYNCH,JACKIE.LYNCH@sakilacustomer.org,"ROCKY WAR","A Fast-Paced Display of a Squirrel And a Explorer who must Outgun a Mad Scientist in Nigeria",2006
Colombia,Buenaventura,"98 Stara Zagora Boulevard",610173756082,JACKIE,LYNCH,JACKIE.LYNCH@sakilacustomer.org,"SWARM GOLD","A Insightful Panorama of a Crocodile And a Boat who must Conquer a Sumo Wrestler in A MySQL Convention",2006
Colombia,Buenaventura,"98 Stara Zagora Boulevard",610173756082,JACKIE,LYNCH,JACKIE.LYNCH@sakilacustomer.org,"GANGS PRIDE","A Taut Character Study of a Woman And a A Shark who must Confront a Frisbee in Berlin",2006
Colombia,Buenaventura,"98 Stara Zagora Boulevard",610173756082,JACKIE,LYNCH,JACKIE.LYNCH@sakilacustomer.org,"SONG HEDWIG","A Amazing Documentary of a Man And a Husband who must Confront a Squirrel in A MySQL Convention",2006
Colombia,Buenaventura,"98 Stara Zagora Boulevard",610173756082,JACKIE,LYNCH,JACKIE.LYNCH@sakilacustomer.org,"DARKO DORADO","A Stunning Reflection of a Frisbee And a Husband who must Redeem a Dog in New Orleans",2006
Colombia,Buenaventura,"98 Stara Zagora Boulevard",610173756082,JACKIE,LYNCH,JACKIE.LYNCH@sakilacustomer.org,"SPARTACUS CHEAPER","A Thrilling Panorama of a Pastry Chef And a Secret Agent who must Overcome a Student in A Manhattan Penthouse",2006
Colombia,Buenaventura,"98 Stara Zagora Boulevard",610173756082,JACKIE,LYNCH,JACKIE.LYNCH@sakilacustomer.org,"PACIFIC AMISTAD","A Thrilling Yarn of a Dog And a Moose who must Kill a Pastry Chef in A Manhattan Penthouse",2006
Colombia,Buenaventura,"98 Stara Zagora Boulevard",610173756082,JACKIE,LYNCH,JACKIE.LYNCH@sakilacustomer.org,"PRIMARY GLASS","A Fateful Documentary of a Pastry Chef And a Butler who must Build a Dog in The Canadian Rockies",2006
Colombia,Buenaventura,"98 Stara Zagora Boulevard",610173756082,JACKIE,LYNCH,JACKIE.LYNCH@sakilacustomer.org,"CHAPLIN LICENSE","A Boring Drama of a Dog And a Forensic Psychologist who must Outrace a Explorer in Ancient India",2006
Colombia,Buenaventura,"98 Stara Zagora Boulevard",610173756082,JACKIE,LYNCH,JACKIE.LYNCH@sakilacustomer.org,"INTERVIEW LIAISONS","A Action-Packed Reflection of a Student And a Butler who must Discover a Database Administrator in A Manhattan Penthouse",2006
Colombia,Buenaventura,"98 Stara Zagora Boulevard",610173756082,JACKIE,LYNCH,JACKIE.LYNCH@sakilacustomer.org,"JEDI BENEATH","A Astounding Reflection of a Explorer And a Dentist who must Pursue a Student in Nigeria",2006
Colombia,Buenaventura,"98 Stara Zagora Boulevard",610173756082,JACKIE,LYNCH,JACKIE.LYNCH@sakilacustomer.org,"FEUD FROGMEN","A Brilliant Reflection of a Database Administrator And a Mad Cow who must Chase a Woman in The Canadian Rockies",2006
Colombia,Buenaventura,"98 Stara Zagora Boulevard",610173756082,JACKIE,LYNCH,JACKIE.LYNCH@sakilacustomer.org,"CONTACT ANONYMOUS","A Insightful Display of a A Shark And a Monkey who must Face a Database Administrator in Ancient India",2006
Colombia,Buenaventura,"98 Stara Zagora Boulevard",610173756082,JACKIE,LYNCH,JACKIE.LYNCH@sakilacustomer.org,"EXPECATIONS NATURAL","A Amazing Drama of a Butler And a Husband who must Reach a A Shark in A U-Boat",2006
Colombia,"Dos Quebradas","241 Mosul Lane",765345144779,SYLVIA,ORTIZ,SYLVIA.ORTIZ@sakilacustomer.org,"TEEN APOLLO","A Awe-Inspiring Drama of a Dog And a Man who must Escape a Robot in A Shark Tank",2006
Colombia,"Dos Quebradas","241 Mosul Lane",765345144779,SYLVIA,ORTIZ,SYLVIA.ORTIZ@sakilacustomer.org,"MYSTIC TRUMAN","A Epic Yarn of a Teacher And a Hunter who must Outgun a Explorer in Soviet Georgia",2006
Colombia,"Dos Quebradas","241 Mosul Lane",765345144779,SYLVIA,ORTIZ,SYLVIA.ORTIZ@sakilacustomer.org,"ROBBERY BRIGHT","A Taut Reflection of a Robot And a Squirrel who must Fight a Boat in Ancient Japan",2006
Colombia,"Dos Quebradas","241 Mosul Lane",765345144779,SYLVIA,ORTIZ,SYLVIA.ORTIZ@sakilacustomer.org,"SLEEPING SUSPECTS","A Stunning Reflection of a Sumo Wrestler And a Explorer who must Sink a Frisbee in A MySQL Convention",2006
Colombia,"Dos Quebradas","241 Mosul Lane",765345144779,SYLVIA,ORTIZ,SYLVIA.ORTIZ@sakilacustomer.org,"PRINCESS GIANT","A Thrilling Yarn of a Pastry Chef And a Monkey who must Battle a Monkey in A Shark Tank",2006
Colombia,"Dos Quebradas","241 Mosul Lane",765345144779,SYLVIA,ORTIZ,SYLVIA.ORTIZ@sakilacustomer.org,"CONEHEADS SMOOCHY","A Touching Story of a Womanizer And a Composer who must Pursue a Husband in Nigeria",2006
Colombia,"Dos Quebradas","241 Mosul Lane",765345144779,SYLVIA,ORTIZ,SYLVIA.ORTIZ@sakilacustomer.org,"AMERICAN CIRCUS","A Insightful Drama of a Girl And a Astronaut who must Face a Database Administrator in A Shark Tank",2006
Colombia,"Dos Quebradas","241 Mosul Lane",765345144779,SYLVIA,ORTIZ,SYLVIA.ORTIZ@sakilacustomer.org,"WORKER TARZAN","A Action-Packed Yarn of a Secret Agent And a Technical Writer who must Battle a Sumo Wrestler in The First Manned Space Station",2006
Colombia,"Dos Quebradas","241 Mosul Lane",765345144779,SYLVIA,ORTIZ,SYLVIA.ORTIZ@sakilacustomer.org,"CREEPERS KANE","A Awe-Inspiring Reflection of a Squirrel And a Boat who must Outrace a Car in A Jet Boat",2006
Colombia,"Dos Quebradas","241 Mosul Lane",765345144779,SYLVIA,ORTIZ,SYLVIA.ORTIZ@sakilacustomer.org,"BUTTERFLY CHOCOLAT","A Fateful Story of a Girl And a Composer who must Conquer a Husband in A Shark Tank",2006
Colombia,"Dos Quebradas","241 Mosul Lane",765345144779,SYLVIA,ORTIZ,SYLVIA.ORTIZ@sakilacustomer.org,"FACTORY DRAGON","A Action-Packed Saga of a Teacher And a Frisbee who must Escape a Lumberjack in The Sahara Desert",2006
Colombia,"Dos Quebradas","241 Mosul Lane",765345144779,SYLVIA,ORTIZ,SYLVIA.ORTIZ@sakilacustomer.org,"ZORRO ARK","A Intrepid Panorama of a Mad Scientist And a Boy who must Redeem a Boy in A Monastery",2006
Colombia,"Dos Quebradas","241 Mosul Lane",765345144779,SYLVIA,ORTIZ,SYLVIA.ORTIZ@sakilacustomer.org,"WIND PHANTOM","A Touching Saga of a Madman And a Forensic Psychologist who must Build a Sumo Wrestler in An Abandoned Mine Shaft",2006
Colombia,"Dos Quebradas","241 Mosul Lane",765345144779,SYLVIA,ORTIZ,SYLVIA.ORTIZ@sakilacustomer.org,"CRAFT OUTFIELD","A Lacklusture Display of a Explorer And a Hunter who must Succumb a Database Administrator in A Baloon Factory",2006
Colombia,"Dos Quebradas","241 Mosul Lane",765345144779,SYLVIA,ORTIZ,SYLVIA.ORTIZ@sakilacustomer.org,"EXCITEMENT EVE","A Brilliant Documentary of a Monkey And a Car who must Conquer a Crocodile in A Shark Tank",2006
Colombia,"Dos Quebradas","241 Mosul Lane",765345144779,SYLVIA,ORTIZ,SYLVIA.ORTIZ@sakilacustomer.org,"TELEGRAPH VOYAGE","A Fateful Yarn of a Husband And a Dog who must Battle a Waitress in A Jet Boat",2006
Colombia,"Dos Quebradas","241 Mosul Lane",765345144779,SYLVIA,ORTIZ,SYLVIA.ORTIZ@sakilacustomer.org,"NOTTING SPEAKEASY","A Thoughtful Display of a Butler And a Womanizer who must Find a Waitress in The Canadian Rockies",2006
Colombia,"Dos Quebradas","241 Mosul Lane",765345144779,SYLVIA,ORTIZ,SYLVIA.ORTIZ@sakilacustomer.org,"TRACY CIDER","A Touching Reflection of a Database Administrator And a Madman who must Build a Lumberjack in Nigeria",2006
Colombia,"Dos Quebradas","241 Mosul Lane",765345144779,SYLVIA,ORTIZ,SYLVIA.ORTIZ@sakilacustomer.org,"GABLES METROPOLIS","A Fateful Display of a Cat And a Pioneer who must Challenge a Pastry Chef in A Baloon Factory",2006
Colombia,"Dos Quebradas","241 Mosul Lane",765345144779,SYLVIA,ORTIZ,SYLVIA.ORTIZ@sakilacustomer.org,"VALLEY PACKER","A Astounding Documentary of a Astronaut And a Boy who must Outrace a Sumo Wrestler in Berlin",2006
Colombia,"Dos Quebradas","241 Mosul Lane",765345144779,SYLVIA,ORTIZ,SYLVIA.ORTIZ@sakilacustomer.org,"MINORITY KISS","A Insightful Display of a Lumberjack And a Sumo Wrestler who must Meet a Man in The Outback",2006
Colombia,"Dos Quebradas","241 Mosul Lane",765345144779,SYLVIA,ORTIZ,SYLVIA.ORTIZ@sakilacustomer.org,"ALADDIN CALENDAR","A Action-Packed Tale of a Man And a Lumberjack who must Reach a Feminist in Ancient China",2006
Colombia,"Dos Quebradas","241 Mosul Lane",765345144779,SYLVIA,ORTIZ,SYLVIA.ORTIZ@sakilacustomer.org,"SOUTH WAIT","A Amazing Documentary of a Car And a Robot who must Escape a Lumberjack in An Abandoned Amusement Park",2006
Colombia,"Dos Quebradas","241 Mosul Lane",765345144779,SYLVIA,ORTIZ,SYLVIA.ORTIZ@sakilacustomer.org,"CHOCOLAT HARRY","A Action-Packed Epistle of a Dentist And a Moose who must Meet a Mad Cow in Ancient Japan",2006
Colombia,"Dos Quebradas","241 Mosul Lane",765345144779,SYLVIA,ORTIZ,SYLVIA.ORTIZ@sakilacustomer.org,"CAROL TEXAS","A Astounding Character Study of a Composer And a Student who must Overcome a Composer in A Monastery",2006
Colombia,"Dos Quebradas","241 Mosul Lane",765345144779,SYLVIA,ORTIZ,SYLVIA.ORTIZ@sakilacustomer.org,"DARLING BREAKING","A Brilliant Documentary of a Astronaut And a Squirrel who must Succumb a Student in The Gulf of Mexico",2006
Colombia,"Dos Quebradas","241 Mosul Lane",765345144779,SYLVIA,ORTIZ,SYLVIA.ORTIZ@sakilacustomer.org,"EVOLUTION ALTER","A Fanciful Character Study of a Feminist And a Madman who must Find a Explorer in A Baloon Factory",2006
Colombia,"Dos Quebradas","241 Mosul Lane",765345144779,SYLVIA,ORTIZ,SYLVIA.ORTIZ@sakilacustomer.org,"FORREST SONS","A Thrilling Documentary of a Forensic Psychologist And a Butler who must Defeat a Explorer in A Jet Boat",2006
Colombia,"Dos Quebradas","241 Mosul Lane",765345144779,SYLVIA,ORTIZ,SYLVIA.ORTIZ@sakilacustomer.org,"SCALAWAG DUCK","A Fateful Reflection of a Car And a Teacher who must Confront a Waitress in A Monastery",2006
Colombia,"Dos Quebradas","241 Mosul Lane",765345144779,SYLVIA,ORTIZ,SYLVIA.ORTIZ@sakilacustomer.org,"TOURIST PELICAN","A Boring Story of a Butler And a Astronaut who must Outrace a Pioneer in Australia",2006
Colombia,"Dos Quebradas","241 Mosul Lane",765345144779,SYLVIA,ORTIZ,SYLVIA.ORTIZ@sakilacustomer.org,"TERMINATOR CLUB","A Touching Story of a Crocodile And a Girl who must Sink a Man in The Gulf of Mexico",2006
Colombia,"Dos Quebradas","241 Mosul Lane",765345144779,SYLVIA,ORTIZ,SYLVIA.ORTIZ@sakilacustomer.org,"OPPOSITE NECKLACE","A Fateful Epistle of a Crocodile And a Moose who must Kill a Explorer in Nigeria",2006
Colombia,Florencia,"734 Tanshui Avenue",366776723320,LEON,BOSTIC,LEON.BOSTIC@sakilacustomer.org,"PLUTO OLEANDER","A Action-Packed Reflection of a Car And a Moose who must Outgun a Car in A Shark Tank",2006
Colombia,Florencia,"734 Tanshui Avenue",366776723320,LEON,BOSTIC,LEON.BOSTIC@sakilacustomer.org,"DONNIE ALLEY","A Awe-Inspiring Tale of a Butler And a Frisbee who must Vanquish a Teacher in Ancient Japan",2006
Colombia,Florencia,"734 Tanshui Avenue",366776723320,LEON,BOSTIC,LEON.BOSTIC@sakilacustomer.org,"HANDICAP BOONDOCK","A Beautiful Display of a Pioneer And a Squirrel who must Vanquish a Sumo Wrestler in Soviet Georgia",2006
Colombia,Florencia,"734 Tanshui Avenue",366776723320,LEON,BOSTIC,LEON.BOSTIC@sakilacustomer.org,"LIAISONS SWEET","A Boring Drama of a A Shark And a Explorer who must Redeem a Waitress in The Canadian Rockies",2006
Colombia,Florencia,"734 Tanshui Avenue",366776723320,LEON,BOSTIC,LEON.BOSTIC@sakilacustomer.org,"BLADE POLISH","A Thoughtful Character Study of a Frisbee And a Pastry Chef who must Fight a Dentist in The First Manned Space Station",2006
Colombia,Florencia,"734 Tanshui Avenue",366776723320,LEON,BOSTIC,LEON.BOSTIC@sakilacustomer.org,"TROJAN TOMORROW","A Astounding Panorama of a Husband And a Sumo Wrestler who must Pursue a Boat in Ancient India",2006
Colombia,Florencia,"734 Tanshui Avenue",366776723320,LEON,BOSTIC,LEON.BOSTIC@sakilacustomer.org,"LOLA AGENT","A Astounding Tale of a Mad Scientist And a Husband who must Redeem a Database Administrator in Ancient Japan",2006
Colombia,Florencia,"734 Tanshui Avenue",366776723320,LEON,BOSTIC,LEON.BOSTIC@sakilacustomer.org,"INSIDER ARIZONA","A Astounding Saga of a Mad Scientist And a Hunter who must Pursue a Robot in A Baloon Factory",2006
Colombia,Florencia,"734 Tanshui Avenue",366776723320,LEON,BOSTIC,LEON.BOSTIC@sakilacustomer.org,"RULES HUMAN","A Beautiful Epistle of a Astronaut And a Student who must Confront a Monkey in An Abandoned Fun House",2006
Colombia,Florencia,"734 Tanshui Avenue",366776723320,LEON,BOSTIC,LEON.BOSTIC@sakilacustomer.org,"DRUMLINE CYCLONE","A Insightful Panorama of a Monkey And a Sumo Wrestler who must Outrace a Mad Scientist in The Canadian Rockies",2006
Colombia,Florencia,"734 Tanshui Avenue",366776723320,LEON,BOSTIC,LEON.BOSTIC@sakilacustomer.org,"CONFIDENTIAL INTERVIEW","A Stunning Reflection of a Cat And a Woman who must Find a Astronaut in Ancient Japan",2006
Colombia,Florencia,"734 Tanshui Avenue",366776723320,LEON,BOSTIC,LEON.BOSTIC@sakilacustomer.org,"VACATION BOONDOCK","A Fanciful Character Study of a Secret Agent And a Mad Scientist who must Reach a Teacher in Australia",2006
Colombia,Florencia,"734 Tanshui Avenue",366776723320,LEON,BOSTIC,LEON.BOSTIC@sakilacustomer.org,"FARGO GANDHI","A Thrilling Reflection of a Pastry Chef And a Crocodile who must Reach a Teacher in The Outback",2006
Colombia,Florencia,"734 Tanshui Avenue",366776723320,LEON,BOSTIC,LEON.BOSTIC@sakilacustomer.org,"INNOCENT USUAL","A Beautiful Drama of a Pioneer And a Crocodile who must Challenge a Student in The Outback",2006
Colombia,Florencia,"734 Tanshui Avenue",366776723320,LEON,BOSTIC,LEON.BOSTIC@sakilacustomer.org,"TALENTED HOMICIDE","A Lacklusture Panorama of a Dentist And a Forensic Psychologist who must Outrace a Pioneer in A U-Boat",2006
Colombia,Florencia,"734 Tanshui Avenue",366776723320,LEON,BOSTIC,LEON.BOSTIC@sakilacustomer.org,"JAWS HARRY","A Thrilling Display of a Database Administrator And a Monkey who must Overcome a Dog in An Abandoned Fun House",2006
Colombia,Florencia,"734 Tanshui Avenue",366776723320,LEON,BOSTIC,LEON.BOSTIC@sakilacustomer.org,"DOORS PRESIDENT","A Awe-Inspiring Display of a Squirrel And a Woman who must Overcome a Boy in The Gulf of Mexico",2006
Colombia,Florencia,"734 Tanshui Avenue",366776723320,LEON,BOSTIC,LEON.BOSTIC@sakilacustomer.org,"UNDEFEATED DALMATIONS","A Unbelieveable Display of a Crocodile And a Feminist who must Overcome a Moose in An Abandoned Amusement Park",2006
Colombia,Florencia,"734 Tanshui Avenue",366776723320,LEON,BOSTIC,LEON.BOSTIC@sakilacustomer.org,"RUSH GOODFELLAS","A Emotional Display of a Man And a Dentist who must Challenge a Squirrel in Australia",2006
Colombia,Florencia,"734 Tanshui Avenue",366776723320,LEON,BOSTIC,LEON.BOSTIC@sakilacustomer.org,"SOMETHING DUCK","A Boring Character Study of a Car And a Husband who must Outgun a Frisbee in The First Manned Space Station",2006
Colombia,Florencia,"734 Tanshui Avenue",366776723320,LEON,BOSTIC,LEON.BOSTIC@sakilacustomer.org,"GREEK EVERYONE","A Stunning Display of a Butler And a Teacher who must Confront a A Shark in The First Manned Space Station",2006
Colombia,Florencia,"734 Tanshui Avenue",366776723320,LEON,BOSTIC,LEON.BOSTIC@sakilacustomer.org,"PUNK DIVORCE","A Fast-Paced Tale of a Pastry Chef And a Boat who must Face a Frisbee in The Canadian Rockies",2006
Colombia,Florencia,"734 Tanshui Avenue",366776723320,LEON,BOSTIC,LEON.BOSTIC@sakilacustomer.org,"NOTORIOUS REUNION","A Amazing Epistle of a Woman And a Squirrel who must Fight a Hunter in A Baloon",2006
Colombia,Florencia,"734 Tanshui Avenue",366776723320,LEON,BOSTIC,LEON.BOSTIC@sakilacustomer.org,"RUSH GOODFELLAS","A Emotional Display of a Man And a Dentist who must Challenge a Squirrel in Australia",2006
Colombia,Florencia,"734 Tanshui Avenue",366776723320,LEON,BOSTIC,LEON.BOSTIC@sakilacustomer.org,"CASSIDY WYOMING","A Intrepid Drama of a Frisbee And a Hunter who must Kill a Secret Agent in New Orleans",2006
Colombia,Pereira,"1410 Benin City Parkway",104150372603,STACY,CUNNINGHAM,STACY.CUNNINGHAM@sakilacustomer.org,"FATAL HAUNTED","A Beautiful Drama of a Student And a Secret Agent who must Confront a Dentist in Ancient Japan",2006
Colombia,Pereira,"1410 Benin City Parkway",104150372603,STACY,CUNNINGHAM,STACY.CUNNINGHAM@sakilacustomer.org,"DANCING FEVER","A Stunning Story of a Explorer And a Forensic Psychologist who must Face a Crocodile in A Shark Tank",2006
Colombia,Pereira,"1410 Benin City Parkway",104150372603,STACY,CUNNINGHAM,STACY.CUNNINGHAM@sakilacustomer.org,"EXPRESS LONELY","A Boring Drama of a Astronaut And a Boat who must Face a Boat in California",2006
Colombia,Pereira,"1410 Benin City Parkway",104150372603,STACY,CUNNINGHAM,STACY.CUNNINGHAM@sakilacustomer.org,"DADDY PITTSBURGH","A Epic Story of a A Shark And a Student who must Confront a Explorer in The Gulf of Mexico",2006
Colombia,Pereira,"1410 Benin City Parkway",104150372603,STACY,CUNNINGHAM,STACY.CUNNINGHAM@sakilacustomer.org,"VIRTUAL SPOILERS","A Fateful Tale of a Database Administrator And a Squirrel who must Discover a Student in Soviet Georgia",2006
Colombia,Pereira,"1410 Benin City Parkway",104150372603,STACY,CUNNINGHAM,STACY.CUNNINGHAM@sakilacustomer.org,"GREASE YOUTH","A Emotional Panorama of a Secret Agent And a Waitress who must Escape a Composer in Soviet Georgia",2006
Colombia,Pereira,"1410 Benin City Parkway",104150372603,STACY,CUNNINGHAM,STACY.CUNNINGHAM@sakilacustomer.org,"REEF SALUTE","A Action-Packed Saga of a Teacher And a Lumberjack who must Battle a Dentist in A Baloon",2006
Colombia,Pereira,"1410 Benin City Parkway",104150372603,STACY,CUNNINGHAM,STACY.CUNNINGHAM@sakilacustomer.org,"STRAIGHT HOURS","A Boring Panorama of a Secret Agent And a Girl who must Sink a Waitress in The Outback",2006
Colombia,Pereira,"1410 Benin City Parkway",104150372603,STACY,CUNNINGHAM,STACY.CUNNINGHAM@sakilacustomer.org,"TIMBERLAND SKY","A Boring Display of a Man And a Dog who must Redeem a Girl in A U-Boat",2006
Colombia,Pereira,"1410 Benin City Parkway",104150372603,STACY,CUNNINGHAM,STACY.CUNNINGHAM@sakilacustomer.org,"CANYON STOCK","A Thoughtful Reflection of a Waitress And a Feminist who must Escape a Squirrel in A Manhattan Penthouse",2006
Colombia,Pereira,"1410 Benin City Parkway",104150372603,STACY,CUNNINGHAM,STACY.CUNNINGHAM@sakilacustomer.org,"APACHE DIVINE","A Awe-Inspiring Reflection of a Pastry Chef And a Teacher who must Overcome a Sumo Wrestler in A U-Boat",2006
Colombia,Pereira,"1410 Benin City Parkway",104150372603,STACY,CUNNINGHAM,STACY.CUNNINGHAM@sakilacustomer.org,"SASSY PACKER","A Fast-Paced Documentary of a Dog And a Teacher who must Find a Moose in A Manhattan Penthouse",2006
Colombia,Pereira,"1410 Benin City Parkway",104150372603,STACY,CUNNINGHAM,STACY.CUNNINGHAM@sakilacustomer.org,"HOOSIERS BIRDCAGE","A Astounding Display of a Explorer And a Boat who must Vanquish a Car in The First Manned Space Station",2006
Colombia,Pereira,"1410 Benin City Parkway",104150372603,STACY,CUNNINGHAM,STACY.CUNNINGHAM@sakilacustomer.org,"HEARTBREAKERS BRIGHT","A Awe-Inspiring Documentary of a A Shark And a Dentist who must Outrace a Pastry Chef in The Canadian Rockies",2006
Colombia,Pereira,"1410 Benin City Parkway",104150372603,STACY,CUNNINGHAM,STACY.CUNNINGHAM@sakilacustomer.org,"ACE GOLDFINGER","A Astounding Epistle of a Database Administrator And a Explorer who must Find a Car in Ancient China",2006
Colombia,Pereira,"1410 Benin City Parkway",104150372603,STACY,CUNNINGHAM,STACY.CUNNINGHAM@sakilacustomer.org,"HYSTERICAL GRAIL","A Amazing Saga of a Madman And a Dentist who must Build a Car in A Manhattan Penthouse",2006
Colombia,Pereira,"1410 Benin City Parkway",104150372603,STACY,CUNNINGHAM,STACY.CUNNINGHAM@sakilacustomer.org,"NAME DETECTIVE","A Touching Saga of a Sumo Wrestler And a Cat who must Pursue a Mad Scientist in Nigeria",2006
Colombia,Pereira,"1410 Benin City Parkway",104150372603,STACY,CUNNINGHAM,STACY.CUNNINGHAM@sakilacustomer.org,"METAL ARMAGEDDON","A Thrilling Display of a Lumberjack And a Crocodile who must Meet a Monkey in A Baloon Factory",2006
Colombia,Pereira,"1410 Benin City Parkway",104150372603,STACY,CUNNINGHAM,STACY.CUNNINGHAM@sakilacustomer.org,"VIRGINIAN PLUTO","A Emotional Panorama of a Dentist And a Crocodile who must Meet a Boy in Berlin",2006
Colombia,Pereira,"1410 Benin City Parkway",104150372603,STACY,CUNNINGHAM,STACY.CUNNINGHAM@sakilacustomer.org,"ANTITRUST TOMATOES","A Fateful Yarn of a Womanizer And a Feminist who must Succumb a Database Administrator in Ancient India",2006
Colombia,Pereira,"1410 Benin City Parkway",104150372603,STACY,CUNNINGHAM,STACY.CUNNINGHAM@sakilacustomer.org,"DISCIPLE MOTHER","A Touching Reflection of a Mad Scientist And a Boat who must Face a Moose in A Shark Tank",2006
Colombia,Pereira,"1410 Benin City Parkway",104150372603,STACY,CUNNINGHAM,STACY.CUNNINGHAM@sakilacustomer.org,"DREAM PICKUP","A Epic Display of a Car And a Composer who must Overcome a Forensic Psychologist in The Gulf of Mexico",2006
Colombia,Pereira,"1410 Benin City Parkway",104150372603,STACY,CUNNINGHAM,STACY.CUNNINGHAM@sakilacustomer.org,"CUPBOARD SINNERS","A Emotional Reflection of a Frisbee And a Boat who must Reach a Pastry Chef in An Abandoned Amusement Park",2006
Colombia,Sincelejo,"1740 Portoviejo Avenue",198123170793,WANDA,PATTERSON,WANDA.PATTERSON@sakilacustomer.org,"ATTRACTION NEWTON","A Astounding Panorama of a Composer And a Frisbee who must Reach a Husband in Ancient Japan",2006
Colombia,Sincelejo,"1740 Portoviejo Avenue",198123170793,WANDA,PATTERSON,WANDA.PATTERSON@sakilacustomer.org,"DRIVER ANNIE","A Lacklusture Character Study of a Butler And a Car who must Redeem a Boat in An Abandoned Fun House",2006
Colombia,Sincelejo,"1740 Portoviejo Avenue",198123170793,WANDA,PATTERSON,WANDA.PATTERSON@sakilacustomer.org,"MADIGAN DORADO","A Astounding Character Study of a A Shark And a A Shark who must Discover a Crocodile in The Outback",2006
Colombia,Sincelejo,"1740 Portoviejo Avenue",198123170793,WANDA,PATTERSON,WANDA.PATTERSON@sakilacustomer.org,"LUST LOCK","A Fanciful Panorama of a Hunter And a Dentist who must Meet a Secret Agent in The Sahara Desert",2006
Colombia,Sincelejo,"1740 Portoviejo Avenue",198123170793,WANDA,PATTERSON,WANDA.PATTERSON@sakilacustomer.org,"BASIC EASY","A Stunning Epistle of a Man And a Husband who must Reach a Mad Scientist in A Jet Boat",2006
Colombia,Sincelejo,"1740 Portoviejo Avenue",198123170793,WANDA,PATTERSON,WANDA.PATTERSON@sakilacustomer.org,"MODEL FISH","A Beautiful Panorama of a Boat And a Crocodile who must Outrace a Dog in Australia",2006
Colombia,Sincelejo,"1740 Portoviejo Avenue",198123170793,WANDA,PATTERSON,WANDA.PATTERSON@sakilacustomer.org,"MOONSHINE CABIN","A Thoughtful Display of a Astronaut And a Feminist who must Chase a Frisbee in A Jet Boat",2006
Colombia,Sincelejo,"1740 Portoviejo Avenue",198123170793,WANDA,PATTERSON,WANDA.PATTERSON@sakilacustomer.org,"PITY BOUND","A Boring Panorama of a Feminist And a Moose who must Defeat a Database Administrator in Nigeria",2006
Colombia,Sincelejo,"1740 Portoviejo Avenue",198123170793,WANDA,PATTERSON,WANDA.PATTERSON@sakilacustomer.org,"TELEMARK HEARTBREAKERS","A Action-Packed Panorama of a Technical Writer And a Man who must Build a Forensic Psychologist in A Manhattan Penthouse",2006
Colombia,Sincelejo,"1740 Portoviejo Avenue",198123170793,WANDA,PATTERSON,WANDA.PATTERSON@sakilacustomer.org,"SUN CONFESSIONS","A Beautiful Display of a Mad Cow And a Dog who must Redeem a Waitress in An Abandoned Amusement Park",2006
Colombia,Sincelejo,"1740 Portoviejo Avenue",198123170793,WANDA,PATTERSON,WANDA.PATTERSON@sakilacustomer.org,"AUTUMN CROW","A Beautiful Tale of a Dentist And a Mad Cow who must Battle a Moose in The Sahara Desert",2006
Colombia,Sincelejo,"1740 Portoviejo Avenue",198123170793,WANDA,PATTERSON,WANDA.PATTERSON@sakilacustomer.org,"REDEMPTION COMFORTS","A Emotional Documentary of a Dentist And a Woman who must Battle a Mad Scientist in Ancient China",2006
Colombia,Sincelejo,"1740 Portoviejo Avenue",198123170793,WANDA,PATTERSON,WANDA.PATTERSON@sakilacustomer.org,"DARKO DORADO","A Stunning Reflection of a Frisbee And a Husband who must Redeem a Dog in New Orleans",2006
Colombia,Sincelejo,"1740 Portoviejo Avenue",198123170793,WANDA,PATTERSON,WANDA.PATTERSON@sakilacustomer.org,"TIMBERLAND SKY","A Boring Display of a Man And a Dog who must Redeem a Girl in A U-Boat",2006
Colombia,Sincelejo,"1740 Portoviejo Avenue",198123170793,WANDA,PATTERSON,WANDA.PATTERSON@sakilacustomer.org,"MURDER ANTITRUST","A Brilliant Yarn of a Car And a Database Administrator who must Escape a Boy in A MySQL Convention",2006
Colombia,Sincelejo,"1740 Portoviejo Avenue",198123170793,WANDA,PATTERSON,WANDA.PATTERSON@sakilacustomer.org,"VOYAGE LEGALLY","A Epic Tale of a Squirrel And a Hunter who must Conquer a Boy in An Abandoned Mine Shaft",2006
Colombia,Sincelejo,"1740 Portoviejo Avenue",198123170793,WANDA,PATTERSON,WANDA.PATTERSON@sakilacustomer.org,"POCUS PULP","A Intrepid Yarn of a Frisbee And a Dog who must Build a Astronaut in A Baloon Factory",2006
Colombia,Sincelejo,"1740 Portoviejo Avenue",198123170793,WANDA,PATTERSON,WANDA.PATTERSON@sakilacustomer.org,"BEVERLY OUTLAW","A Fanciful Documentary of a Womanizer And a Boat who must Defeat a Madman in The First Manned Space Station",2006
Colombia,Sincelejo,"1740 Portoviejo Avenue",198123170793,WANDA,PATTERSON,WANDA.PATTERSON@sakilacustomer.org,"AIRPLANE SIERRA","A Touching Saga of a Hunter And a Butler who must Discover a Butler in A Jet Boat",2006
Colombia,Sincelejo,"1740 Portoviejo Avenue",198123170793,WANDA,PATTERSON,WANDA.PATTERSON@sakilacustomer.org,"GLEAMING JAWBREAKER","A Amazing Display of a Composer And a Forensic Psychologist who must Discover a Car in The Canadian Rockies",2006
Colombia,Sincelejo,"1740 Portoviejo Avenue",198123170793,WANDA,PATTERSON,WANDA.PATTERSON@sakilacustomer.org,"LION UNCUT","A Intrepid Display of a Pastry Chef And a Cat who must Kill a A Shark in Ancient China",2006
Colombia,Sincelejo,"1740 Portoviejo Avenue",198123170793,WANDA,PATTERSON,WANDA.PATTERSON@sakilacustomer.org,"BEAST HUNCHBACK","A Awe-Inspiring Epistle of a Student And a Squirrel who must Defeat a Boy in Ancient China",2006
Colombia,Sincelejo,"1740 Portoviejo Avenue",198123170793,WANDA,PATTERSON,WANDA.PATTERSON@sakilacustomer.org,"PHILADELPHIA WIFE","A Taut Yarn of a Hunter And a Astronaut who must Conquer a Database Administrator in The Sahara Desert",2006
Colombia,Sincelejo,"1740 Portoviejo Avenue",198123170793,WANDA,PATTERSON,WANDA.PATTERSON@sakilacustomer.org,"DOORS PRESIDENT","A Awe-Inspiring Display of a Squirrel And a Woman who must Overcome a Boy in The Gulf of Mexico",2006
Colombia,Sincelejo,"1740 Portoviejo Avenue",198123170793,WANDA,PATTERSON,WANDA.PATTERSON@sakilacustomer.org,"EMPIRE MALKOVICH","A Amazing Story of a Feminist And a Cat who must Face a Car in An Abandoned Fun House",2006
Colombia,Sincelejo,"1740 Portoviejo Avenue",198123170793,WANDA,PATTERSON,WANDA.PATTERSON@sakilacustomer.org,"SUN CONFESSIONS","A Beautiful Display of a Mad Cow And a Dog who must Redeem a Waitress in An Abandoned Amusement Park",2006
Colombia,Sincelejo,"1740 Portoviejo Avenue",198123170793,WANDA,PATTERSON,WANDA.PATTERSON@sakilacustomer.org,"FOOL MOCKINGBIRD","A Lacklusture Tale of a Crocodile And a Composer who must Defeat a Madman in A U-Boat",2006
Colombia,Sincelejo,"1740 Portoviejo Avenue",198123170793,WANDA,PATTERSON,WANDA.PATTERSON@sakilacustomer.org,"ALONE TRIP","A Fast-Paced Character Study of a Composer And a Dog who must Outgun a Boat in An Abandoned Fun House",2006
Colombia,Sincelejo,"1740 Portoviejo Avenue",198123170793,WANDA,PATTERSON,WANDA.PATTERSON@sakilacustomer.org,"GREATEST NORTH","A Astounding Character Study of a Secret Agent And a Robot who must Build a A Shark in Berlin",2006
Colombia,Sincelejo,"1740 Portoviejo Avenue",198123170793,WANDA,PATTERSON,WANDA.PATTERSON@sakilacustomer.org,"SHOW LORD","A Fanciful Saga of a Student And a Girl who must Find a Butler in Ancient Japan",2006
Colombia,Sogamoso,"656 Matamoros Drive",17305839123,SAM,MCDUFFIE,SAM.MCDUFFIE@sakilacustomer.org,"SEATTLE EXPECATIONS","A Insightful Reflection of a Crocodile And a Sumo Wrestler who must Meet a Technical Writer in The Sahara Desert",2006
Colombia,Sogamoso,"656 Matamoros Drive",17305839123,SAM,MCDUFFIE,SAM.MCDUFFIE@sakilacustomer.org,"LADY STAGE","A Beautiful Character Study of a Woman And a Man who must Pursue a Explorer in A U-Boat",2006
Colombia,Sogamoso,"656 Matamoros Drive",17305839123,SAM,MCDUFFIE,SAM.MCDUFFIE@sakilacustomer.org,"MICROCOSMOS PARADISE","A Touching Character Study of a Boat And a Student who must Sink a A Shark in Nigeria",2006
Colombia,Sogamoso,"656 Matamoros Drive",17305839123,SAM,MCDUFFIE,SAM.MCDUFFIE@sakilacustomer.org,"PAST SUICIDES","A Intrepid Tale of a Madman And a Astronaut who must Challenge a Hunter in A Monastery",2006
Colombia,Sogamoso,"656 Matamoros Drive",17305839123,SAM,MCDUFFIE,SAM.MCDUFFIE@sakilacustomer.org,"WASH HEAVENLY","A Awe-Inspiring Reflection of a Cat And a Pioneer who must Escape a Hunter in Ancient China",2006
Colombia,Sogamoso,"656 Matamoros Drive",17305839123,SAM,MCDUFFIE,SAM.MCDUFFIE@sakilacustomer.org,"SAGEBRUSH CLUELESS","A Insightful Story of a Lumberjack And a Hunter who must Kill a Boy in Ancient Japan",2006
Colombia,Sogamoso,"656 Matamoros Drive",17305839123,SAM,MCDUFFIE,SAM.MCDUFFIE@sakilacustomer.org,"FREDDY STORM","A Intrepid Saga of a Man And a Lumberjack who must Vanquish a Husband in The Outback",2006
Colombia,Sogamoso,"656 Matamoros Drive",17305839123,SAM,MCDUFFIE,SAM.MCDUFFIE@sakilacustomer.org,"NIGHTMARE CHILL","A Brilliant Display of a Robot And a Butler who must Fight a Waitress in An Abandoned Mine Shaft",2006
Colombia,Sogamoso,"656 Matamoros Drive",17305839123,SAM,MCDUFFIE,SAM.MCDUFFIE@sakilacustomer.org,"KWAI HOMEWARD","A Amazing Drama of a Car And a Squirrel who must Pursue a Car in Soviet Georgia",2006
Colombia,Sogamoso,"656 Matamoros Drive",17305839123,SAM,MCDUFFIE,SAM.MCDUFFIE@sakilacustomer.org,"RULES HUMAN","A Beautiful Epistle of a Astronaut And a Student who must Confront a Monkey in An Abandoned Fun House",2006
Colombia,Sogamoso,"656 Matamoros Drive",17305839123,SAM,MCDUFFIE,SAM.MCDUFFIE@sakilacustomer.org,"JUGGLER HARDLY","A Epic Story of a Mad Cow And a Astronaut who must Challenge a Car in California",2006
Colombia,Sogamoso,"656 Matamoros Drive",17305839123,SAM,MCDUFFIE,SAM.MCDUFFIE@sakilacustomer.org,"MOD SECRETARY","A Boring Documentary of a Mad Cow And a Cat who must Build a Lumberjack in New Orleans",2006
Colombia,Sogamoso,"656 Matamoros Drive",17305839123,SAM,MCDUFFIE,SAM.MCDUFFIE@sakilacustomer.org,"HEDWIG ALTER","A Action-Packed Yarn of a Womanizer And a Lumberjack who must Chase a Sumo Wrestler in A Monastery",2006
Colombia,Sogamoso,"656 Matamoros Drive",17305839123,SAM,MCDUFFIE,SAM.MCDUFFIE@sakilacustomer.org,"MINDS TRUMAN","A Taut Yarn of a Mad Scientist And a Crocodile who must Outgun a Database Administrator in A Monastery",2006
Colombia,Sogamoso,"656 Matamoros Drive",17305839123,SAM,MCDUFFIE,SAM.MCDUFFIE@sakilacustomer.org,"HORN WORKING","A Stunning Display of a Mad Scientist And a Technical Writer who must Succumb a Monkey in A Shark Tank",2006
Colombia,Sogamoso,"656 Matamoros Drive",17305839123,SAM,MCDUFFIE,SAM.MCDUFFIE@sakilacustomer.org,"SUPER WYOMING","A Action-Packed Saga of a Pastry Chef And a Explorer who must Discover a A Shark in The Outback",2006
Colombia,Sogamoso,"656 Matamoros Drive",17305839123,SAM,MCDUFFIE,SAM.MCDUFFIE@sakilacustomer.org,"MAUDE MOD","A Beautiful Documentary of a Forensic Psychologist And a Cat who must Reach a Astronaut in Nigeria",2006
Colombia,Sogamoso,"656 Matamoros Drive",17305839123,SAM,MCDUFFIE,SAM.MCDUFFIE@sakilacustomer.org,"ALADDIN CALENDAR","A Action-Packed Tale of a Man And a Lumberjack who must Reach a Feminist in Ancient China",2006
Colombia,Sogamoso,"656 Matamoros Drive",17305839123,SAM,MCDUFFIE,SAM.MCDUFFIE@sakilacustomer.org,"CHAMPION FLATLINERS","A Amazing Story of a Mad Cow And a Dog who must Kill a Husband in A Monastery",2006
Colombia,Sogamoso,"656 Matamoros Drive",17305839123,SAM,MCDUFFIE,SAM.MCDUFFIE@sakilacustomer.org,"ATLANTIS CAUSE","A Thrilling Yarn of a Feminist And a Hunter who must Fight a Technical Writer in A Shark Tank",2006
Colombia,Sogamoso,"656 Matamoros Drive",17305839123,SAM,MCDUFFIE,SAM.MCDUFFIE@sakilacustomer.org,"BUNCH MINDS","A Emotional Story of a Feminist And a Feminist who must Escape a Pastry Chef in A MySQL Convention",2006
Colombia,Sogamoso,"656 Matamoros Drive",17305839123,SAM,MCDUFFIE,SAM.MCDUFFIE@sakilacustomer.org,"MISSION ZOOLANDER","A Intrepid Story of a Sumo Wrestler And a Teacher who must Meet a A Shark in An Abandoned Fun House",2006
Colombia,Sogamoso,"656 Matamoros Drive",17305839123,SAM,MCDUFFIE,SAM.MCDUFFIE@sakilacustomer.org,"WORDS HUNTER","A Action-Packed Reflection of a Composer And a Mad Scientist who must Face a Pioneer in A MySQL Convention",2006
Colombia,Sogamoso,"656 Matamoros Drive",17305839123,SAM,MCDUFFIE,SAM.MCDUFFIE@sakilacustomer.org,"OPERATION OPERATION","A Intrepid Character Study of a Man And a Frisbee who must Overcome a Madman in Ancient China",2006
